<?xml version="1.0" encoding="utf-8"?>
<!--
  ! CDDL HEADER START
  !
  ! The contents of this file are subject to the terms of the
  ! Common Development and Distribution License, Version 1.0 only
  ! (the "License").  You may not use this file except in compliance
  ! with the License.
  !
  ! You can obtain a copy of the license at
  ! trunk/opends/resource/legal-notices/OpenDS.LICENSE
  ! or https://OpenDS.dev.java.net/OpenDS.LICENSE.
  ! See the License for the specific language governing permissions
  ! and limitations under the License.
  !
  ! When distributing Covered Code, include this CDDL HEADER in each
  ! file and include the License file at
  ! trunk/opends/resource/legal-notices/OpenDS.LICENSE.  If applicable,
  ! add the following below this CDDL HEADER, with the fields enclosed
  ! by brackets "[]" replaced with your own identifying information:
  !      Portions Copyright [yyyy] [name of copyright owner]
  !
  ! CDDL HEADER END
  !
  !
  !      Copyright 2007-2008 Sun Microsystems, Inc.
  ! -->
<adm:managed-object name="access-control-handler"
  plural-name="access-control-handlers"
  package="org.opends.server.admin.std"
  xmlns:adm="http://www.opends.org/admin"
  xmlns:ldap="http://www.opends.org/admin-ldap"
  xmlns:cli="http://www.opends.org/admin-cli">
  <adm:synopsis>
    <adm:user-friendly-plural-name />
      manage the application-wide access control. The OpenDS access control 
      handler is defined through an extensible interface, so that alternate 
      implementations can be created. Only one access control handler may be 
      active in the server at any given time.  
  </adm:synopsis>
  <adm:description>
     Note that OpenDS also has a privilege subsystem, which may have an impact 
     on what clients may be allowed to do in the server. For example, any user 
     with the bypass-acl privilege is not subject to access control 
     checking regardless of whether the access control implementation is 
     enabled.
  </adm:description>
  <adm:tag name="security" />
  <adm:profile name="ldap">
    <ldap:object-class>
      <ldap:name>ds-cfg-access-control-handler</ldap:name>
      <ldap:superior>top</ldap:superior>
    </ldap:object-class>
  </adm:profile>
  <adm:profile name="cli">
    <cli:managed-object custom="true" />
  </adm:profile>
  <adm:property name="enabled" mandatory="true">
    <adm:synopsis>
      Indicates whether the
      <adm:user-friendly-name />
      is enabled. If set to FALSE, then no access control is enforced, and any 
      client (including unauthenticated or anonymous clients) could be allowed to perform any 
      operation if not subject to other restrictions, such as those enforced by the privilege 
      subsystem.
    </adm:synopsis>
    <adm:syntax>
      <adm:boolean />
    </adm:syntax>
    <adm:profile name="ldap">
      <ldap:attribute>
        <ldap:name>ds-cfg-enabled</ldap:name>
      </ldap:attribute>
    </adm:profile>
  </adm:property>
  <adm:property name="java-class" mandatory="true">
    <adm:synopsis>
      Specifies the fully-qualified name of the Java class that provides the
      <adm:user-friendly-name />
      implementation.
    </adm:synopsis>
    <adm:requires-admin-action>
      <adm:component-restart />
    </adm:requires-admin-action>
    <adm:syntax>
      <adm:java-class>
        <adm:instance-of>
          org.opends.server.api.AccessControlHandler
        </adm:instance-of>
      </adm:java-class>
    </adm:syntax>
    <adm:profile name="ldap">
      <ldap:attribute>
        <ldap:name>ds-cfg-java-class</ldap:name>
      </ldap:attribute>
    </adm:profile>
  </adm:property>
</adm:managed-object>
