<?xml version="1.0" encoding="UTF-8"?>
<!--
  ! CDDL HEADER START
  !
  ! The contents of this file are subject to the terms of the
  ! Common Development and Distribution License, Version 1.0 only
  ! (the "License").  You may not use this file except in compliance
  ! with the License.
  !
  ! You can obtain a copy of the license at
  ! trunk/opends/resource/legal-notices/OpenDS.LICENSE
  ! or https://OpenDS.dev.java.net/OpenDS.LICENSE.
  ! See the License for the specific language governing permissions
  ! and limitations under the License.
  !
  ! When distributing Covered Code, include this CDDL HEADER in each
  ! file and include the License file at
  ! trunk/opends/resource/legal-notices/OpenDS.LICENSE.  If applicable,
  ! add the following below this CDDL HEADER, with the fields enclosed
  ! by brackets "[]" replaced with your own identifying information:
  !      Portions Copyright [yyyy] [name of copyright owner]
  !
  ! CDDL HEADER END
  !
  !
  !      Copyright 2007-2008 Sun Microsystems, Inc.
  ! -->
<adm:managed-object name="anonymous-sasl-mechanism-handler"
  plural-name="anonymous-sasl-mechanism-handlers"
  package="org.opends.server.admin.std" extends="sasl-mechanism-handler"
  xmlns:adm="http://www.opends.org/admin"
  xmlns:ldap="http://www.opends.org/admin-ldap">
  <adm:synopsis>
    The ANONYMOUS SASL mechanism provides the ability for clients to 
    perform an anonymous bind using a SASL mechanism. 
  </adm:synopsis>
  <adm:description>
    The only real 
    benefit that this provides over a normal anonymous bind (that is, 
    using simple authentication with no password) is that the ANONYMOUS 
    SASL mechanism also allows the client to include a trace string in 
    the request. This trace string can help identify the application that 
    performed the bind (although since there is no authentication, 
    there is no assurance that some other client did not spoof that 
    trace string).
  </adm:description>
  <adm:profile name="ldap">
    <ldap:object-class>
      <ldap:name>ds-cfg-anonymous-sasl-mechanism-handler</ldap:name>
      <ldap:superior>ds-cfg-sasl-mechanism-handler</ldap:superior>
    </ldap:object-class>
  </adm:profile>
  <adm:property-override name="java-class" advanced="true">
    <adm:default-behavior>
      <adm:defined>
        <adm:value>
          org.opends.server.extensions.AnonymousSASLMechanismHandler
        </adm:value>
      </adm:defined>
    </adm:default-behavior>
  </adm:property-override>
</adm:managed-object>
