<?xml version="1.0" encoding="utf-8"?>
<!--
  ! CDDL HEADER START
  !
  ! The contents of this file are subject to the terms of the
  ! Common Development and Distribution License, Version 1.0 only
  ! (the "License").  You may not use this file except in compliance
  ! with the License.
  !
  ! You can obtain a copy of the license at
  ! trunk/opends/resource/legal-notices/OpenDS.LICENSE
  ! or https://OpenDS.dev.java.net/OpenDS.LICENSE.
  ! See the License for the specific language governing permissions
  ! and limitations under the License.
  !
  ! When distributing Covered Code, include this CDDL HEADER in each
  ! file and include the License file at
  ! trunk/opends/resource/legal-notices/OpenDS.LICENSE.  If applicable,
  ! add the following below this CDDL HEADER, with the fields enclosed
  ! by brackets "[]" replaced with your own identifying information:
  !      Portions Copyright [yyyy] [name of copyright owner]
  !
  ! CDDL HEADER END
  !
  !
  !      Copyright 2007-2008 Sun Microsystems, Inc.
  ! -->
<adm:managed-object name="attribute-type-description-attribute-syntax"
  plural-name="attribute-type-description-attribute-syntaxes"
  extends="attribute-syntax" package="org.opends.server.admin.std"
  xmlns:adm="http://www.opends.org/admin"
  xmlns:ldap="http://www.opends.org/admin-ldap">
  <adm:synopsis>
    <adm:user-friendly-plural-name />
    describe the format of the directory schema attribute type
    definitions.
  </adm:synopsis>
  <adm:profile name="ldap">
    <ldap:object-class>
      <ldap:name>
        ds-cfg-attribute-type-description-attribute-syntax
      </ldap:name>
      <ldap:superior>ds-cfg-attribute-syntax</ldap:superior>
    </ldap:object-class>
  </adm:profile>
  <adm:property-override name="java-class" advanced="true">
	<adm:requires-admin-action>
	  <adm:component-restart />
	</adm:requires-admin-action>
    <adm:default-behavior>
      <adm:defined>
        <adm:value>
          org.opends.server.schema.AttributeTypeSyntax
        </adm:value>
      </adm:defined>
    </adm:default-behavior>
  </adm:property-override>
  <adm:property name="strip-syntax-min-upper-bound" advanced="true">
    <adm:synopsis>
      Indicates whether the suggested minimum upper bound appended to an
      attribute's syntax OID in it's schema definition Attribute Type
      Description is stripped off.
    </adm:synopsis>
    <adm:description>
      When retrieving the server's schema, some APIs (JNDI) fail in
      their syntax lookup methods, because they do not parse this value
      correctly. This configuration option allows the server to be
      configured to provide schema definitions these APIs can parse
      correctly.
    </adm:description>
    <adm:default-behavior>
      <adm:defined>
        <adm:value>false</adm:value>
      </adm:defined>
    </adm:default-behavior>
    <adm:syntax>
      <adm:boolean />
    </adm:syntax>
    <adm:profile name="ldap">
      <ldap:attribute>
        <ldap:name>ds-cfg-strip-syntax-min-upper-bound</ldap:name>
      </ldap:attribute>
    </adm:profile>
  </adm:property>
</adm:managed-object>
