<?xml version="1.0" encoding="UTF-8"?>
<!--
  ! CDDL HEADER START
  !
  ! The contents of this file are subject to the terms of the
  ! Common Development and Distribution License, Version 1.0 only
  ! (the "License").  You may not use this file except in compliance
  ! with the License.
  !
  ! You can obtain a copy of the license at
  ! trunk/opends/resource/legal-notices/OpenDS.LICENSE
  ! or https://OpenDS.dev.java.net/OpenDS.LICENSE.
  ! See the License for the specific language governing permissions
  ! and limitations under the License.
  !
  ! When distributing Covered Code, include this CDDL HEADER in each
  ! file and include the License file at
  ! trunk/opends/resource/legal-notices/OpenDS.LICENSE.  If applicable,
  ! add the following below this CDDL HEADER, with the fields enclosed
  ! by brackets "[]" replaced with your own identifying information:
  !      Portions Copyright [yyyy] [name of copyright owner]
  !
  ! CDDL HEADER END
  !
  !
  !      Copyright 2007-2008 Sun Microsystems, Inc.
  ! -->
<adm:managed-object name="crypt-password-storage-scheme"
  plural-name="crypt-password-storage-schemes"
  package="org.opends.server.admin.std"
  extends="password-storage-scheme"
  xmlns:adm="http://www.opends.org/admin"
  xmlns:ldap="http://www.opends.org/admin-ldap">
  <adm:synopsis>
    The
    <adm:user-friendly-name />
    provides a mechanism for encoding user passwords using the UNIX
    crypt algorithm.
  </adm:synopsis>
  <adm:description>
    This implementation contains only an implementation for the user
    password syntax, with a storage scheme name of "CRYPT". Even though it 
    is a one-way digest, the 
    <adm:user-friendly-name />
    is relatively weak by today's standards. Because it supports 
    only a 12-bit salt (meaning that there are only 4096 possible ways to 
    encode a given password), it is also vulnerable to dictionary attacks. 
    You should therefore use this storage scheme only in cases where an 
    external application expects to retrieve the password and verify it 
    outside of the directory, rather than by performing an LDAP bind.
  </adm:description>
  <adm:profile name="ldap">
    <ldap:object-class>
      <ldap:name>ds-cfg-crypt-password-storage-scheme</ldap:name>
      <ldap:superior>ds-cfg-password-storage-scheme</ldap:superior>
    </ldap:object-class>
  </adm:profile>
  <adm:property-override name="java-class" advanced="true">
    <adm:default-behavior>
      <adm:defined>
        <adm:value>
          org.opends.server.extensions.CryptPasswordStorageScheme
        </adm:value>
      </adm:defined>
    </adm:default-behavior>
  </adm:property-override>
</adm:managed-object>
