<?xml version="1.0" encoding="utf-8"?>
<!--
  ! CDDL HEADER START
  !
  ! The contents of this file are subject to the terms of the
  ! Common Development and Distribution License, Version 1.0 only
  ! (the "License").  You may not use this file except in compliance
  ! with the License.
  !
  ! You can obtain a copy of the license at
  ! trunk/opends/resource/legal-notices/OpenDS.LICENSE
  ! or https://OpenDS.dev.java.net/OpenDS.LICENSE.
  ! See the License for the specific language governing permissions
  ! and limitations under the License.
  !
  ! When distributing Covered Code, include this CDDL HEADER in each
  ! file and include the License file at
  ! trunk/opends/resource/legal-notices/OpenDS.LICENSE.  If applicable,
  ! add the following below this CDDL HEADER, with the fields enclosed
  ! by brackets "[]" replaced with your own identifying information:
  !      Portions Copyright [yyyy] [name of copyright owner]
  !
  ! CDDL HEADER END
  !
  !
  !      Copyright 2007-2008 Sun Microsystems, Inc.
  ! -->
<adm:managed-object name="error-log-account-status-notification-handler"
  plural-name="error-log-account-status-notification-handlers"
  extends="account-status-notification-handler"
  package="org.opends.server.admin.std"
  xmlns:adm="http://www.opends.org/admin"
  xmlns:ldap="http://www.opends.org/admin-ldap">
  <adm:synopsis>
    The
    <adm:user-friendly-name /> 
    is a notification handler that writes information 
    to the server error log whenever an appropriate account status event 
    occurs.
  </adm:synopsis>
  <adm:profile name="ldap">
    <ldap:object-class>
      <ldap:name>
        ds-cfg-error-log-account-status-notification-handler
      </ldap:name>
      <ldap:superior>
        ds-cfg-account-status-notification-handler
      </ldap:superior>
    </ldap:object-class>
  </adm:profile>
  <adm:property-override name="java-class" advanced="true">
    <adm:default-behavior>
      <adm:defined>
        <adm:value>
          org.opends.server.extensions.ErrorLogAccountStatusNotificationHandler
        </adm:value>
      </adm:defined>
    </adm:default-behavior>
  </adm:property-override>
  <adm:property name="account-status-notification-type" mandatory="true"
    multi-valued="true">
    <adm:synopsis>
      Indicates which types of event can trigger an account status notification.
    </adm:synopsis>
    <adm:syntax>
      <adm:enumeration>
        <adm:value name="account-temporarily-locked">
          <adm:synopsis>
            Generate a notification whenever a user account has been temporarily 
            locked after too many failed attempts.
          </adm:synopsis>
        </adm:value>
        <adm:value name="account-permanently-locked">
          <adm:synopsis>
            Generate a notification whenever a user account has been permanently 
            locked after too many failed attempts.
          </adm:synopsis>
        </adm:value>
        <adm:value name="account-unlocked">
          <adm:synopsis>
            Generate a notification whenever a user account has been unlocked by an
            administrator.
          </adm:synopsis>
        </adm:value>
        <adm:value name="account-idle-locked">
          <adm:synopsis>
            Generate a notification whenever a user account has been locked 
            because it was idle for too long.
          </adm:synopsis>
        </adm:value>
        <adm:value name="account-reset-locked">
          <adm:synopsis>
            Generate a notification whenever a user account has been locked, 
            because the password had been reset by an administrator but not changed
            by the user within the required interval.
          </adm:synopsis>
        </adm:value>
        <adm:value name="account-disabled">
          <adm:synopsis>
            Generate a notification whenever a user account has been disabled by an
            administrator.
          </adm:synopsis>
        </adm:value>
        <adm:value name="account-enabled">
          <adm:synopsis>
            Generate a notification whenever a user account has been enabled by an
            administrator.
          </adm:synopsis>
        </adm:value>
        <adm:value name="account-expired">
          <adm:synopsis>
            Generate a notification whenever a user authentication has failed 
            because the account has expired.
          </adm:synopsis>
        </adm:value>
        <adm:value name="password-expired">
          <adm:synopsis>
            Generate a notification whenever a user authentication has failed
            because the password has expired.
          </adm:synopsis>
        </adm:value>
        <adm:value name="password-expiring">
          <adm:synopsis>
            Generate a notification whenever a password expiration
            warning is encountered for a user password for the first time.
          </adm:synopsis>
        </adm:value>
        <adm:value name="password-reset">
          <adm:synopsis>
            Generate a notification whenever a user's password is reset by an
            administrator.
          </adm:synopsis>
        </adm:value>
        <adm:value name="password-changed">
          <adm:synopsis>
            Generate a notification whenever a user changes his/her own
            password.
          </adm:synopsis>
        </adm:value>
      </adm:enumeration>
    </adm:syntax>
    <adm:profile name="ldap">
      <ldap:attribute>
        <ldap:name>ds-cfg-account-status-notification-type</ldap:name>
      </ldap:attribute>
    </adm:profile>
  </adm:property>
</adm:managed-object>
