<?xml version="1.0" encoding="utf-8"?>
<!--
  ! CDDL HEADER START
  !
  ! The contents of this file are subject to the terms of the
  ! Common Development and Distribution License, Version 1.0 only
  ! (the "License").  You may not use this file except in compliance
  ! with the License.
  !
  ! You can obtain a copy of the license at
  ! trunk/opends/resource/legal-notices/OpenDS.LICENSE
  ! or https://OpenDS.dev.java.net/OpenDS.LICENSE.
  ! See the License for the specific language governing permissions
  ! and limitations under the License.
  !
  ! When distributing Covered Code, include this CDDL HEADER in each
  ! file and include the License file at
  ! trunk/opends/resource/legal-notices/OpenDS.LICENSE.  If applicable,
  ! add the following below this CDDL HEADER, with the fields enclosed
  ! by brackets "[]" replaced with your own identifying information:
  !      Portions Copyright [yyyy] [name of copyright owner]
  !
  ! CDDL HEADER END
  !
  !
  !      Copyright 2007-2008 Sun Microsystems, Inc.
  ! -->
<adm:managed-object name="fingerprint-certificate-mapper"
  plural-name="fingerprint-certificate-mappers"
  package="org.opends.server.admin.std" extends="certificate-mapper"
  xmlns:adm="http://www.opends.org/admin"
  xmlns:ldap="http://www.opends.org/admin-ldap">
  <adm:synopsis>
    The
    <adm:user-friendly-name />
    maps client certificates to user entries by looking for the MD5 or
    SHA1 fingerprint in a specified attribute of user entries.
  </adm:synopsis>
  <adm:profile name="ldap">
    <ldap:object-class>
      <ldap:name>ds-cfg-fingerprint-certificate-mapper</ldap:name>
      <ldap:superior>ds-cfg-certificate-mapper</ldap:superior>
    </ldap:object-class>
  </adm:profile>
  <adm:property-override name="java-class" advanced="true">
    <adm:default-behavior>
      <adm:defined>
        <adm:value>
          org.opends.server.extensions.FingerprintCertificateMapper
        </adm:value>
      </adm:defined>
    </adm:default-behavior>
  </adm:property-override>
  <adm:property name="fingerprint-attribute" mandatory="true">
    <adm:synopsis>
      Specifies the attribute in which to look for the fingerprint.
    </adm:synopsis>
    <adm:description>
      Values of the fingerprint attribute should exactly match the MD5
      or SHA1 representation of the certificate fingerprint.
    </adm:description>
    <adm:syntax>
      <adm:attribute-type />
    </adm:syntax>
    <adm:profile name="ldap">
      <ldap:attribute>
        <ldap:name>ds-cfg-fingerprint-attribute</ldap:name>
      </ldap:attribute>
    </adm:profile>
  </adm:property>
  <adm:property name="fingerprint-algorithm" mandatory="true">
    <adm:synopsis>
      Specifies the name of the digest algorithm to
      compute the fingerprint of client certificates.
    </adm:synopsis>
    <adm:syntax>
      <adm:enumeration>
        <adm:value name="md5">
          <adm:synopsis>
            Use the MD5 digest algorithm to compute certificate
            fingerprints.
          </adm:synopsis>
        </adm:value>
        <adm:value name="sha1">
          <adm:synopsis>
            Use the SHA-1 digest algorithm to compute certificate
            fingerprints.
          </adm:synopsis>
        </adm:value>
      </adm:enumeration>
    </adm:syntax>
    <adm:profile name="ldap">
      <ldap:attribute>
        <ldap:name>ds-cfg-fingerprint-algorithm</ldap:name>
      </ldap:attribute>
    </adm:profile>
  </adm:property>
  <adm:property name="user-base-dn" multi-valued="true">
    <adm:synopsis>
      Specifies the set of base DNs below which to search for users.
    </adm:synopsis>
    <adm:description>
      The base DNs are used when performing searches to map the
      client certificates to a user entry.
    </adm:description>
    <adm:default-behavior>
      <adm:alias>
        <adm:synopsis>
          The server performs the search in all public naming
          contexts.
        </adm:synopsis>
      </adm:alias>
    </adm:default-behavior>
    <adm:syntax>
      <adm:dn />
    </adm:syntax>
    <adm:profile name="ldap">
      <ldap:attribute>
        <ldap:name>ds-cfg-user-base-dn</ldap:name>
      </ldap:attribute>
    </adm:profile>
  </adm:property>
</adm:managed-object>
