<?xml version="1.0" encoding="utf-8"?>
<!--
  ! CDDL HEADER START
  !
  ! The contents of this file are subject to the terms of the
  ! Common Development and Distribution License, Version 1.0 only
  ! (the "License").  You may not use this file except in compliance
  ! with the License.
  !
  ! You can obtain a copy of the license at
  ! trunk/opends/resource/legal-notices/OpenDS.LICENSE
  ! or https://OpenDS.dev.java.net/OpenDS.LICENSE.
  ! See the License for the specific language governing permissions
  ! and limitations under the License.
  !
  ! When distributing Covered Code, include this CDDL HEADER in each
  ! file and include the License file at
  ! trunk/opends/resource/legal-notices/OpenDS.LICENSE.  If applicable,
  ! add the following below this CDDL HEADER, with the fields enclosed
  ! by brackets "[]" replaced with your own identifying information:
  !      Portions Copyright [yyyy] [name of copyright owner]
  !
  ! CDDL HEADER END
  !
  !
  !      Copyright 2007-2008 Sun Microsystems, Inc.
  ! -->
<adm:managed-object name="last-mod-plugin"
  plural-name="last-mod-plugins" package="org.opends.server.admin.std"
  extends="plugin" xmlns:adm="http://www.opends.org/admin"
  xmlns:ldap="http://www.opends.org/admin-ldap">
  <adm:synopsis>
    The 
    <adm:user-friendly-name />
    is used to ensure that the creatorsName and createTimestamp
    attributes are included in an entry whenever it is added to the
    server and also to ensure that the modifiersName and modifyTimestamp
    attributes are updated whenever an entry is modified or renamed.
  </adm:synopsis>
  <adm:description>
    This behavior is described in RFC 4512. The implementation for 
    the LastMod plugin is contained in the 
    org.opends.server.plugins.LastModPlugin class. It must be 
    configured with the preOperationAdd, preOperationModify, and 
    preOperationModifyDN plugin types, but it does not have any 
    other custom configuration. 
  </adm:description>
  <adm:profile name="ldap">
    <ldap:object-class>
      <ldap:name>ds-cfg-last-mod-plugin</ldap:name>
      <ldap:superior>ds-cfg-plugin</ldap:superior>
    </ldap:object-class>
  </adm:profile>
  <adm:property-override name="java-class" advanced="true">
    <adm:default-behavior>
      <adm:defined>
        <adm:value>org.opends.server.plugins.LastModPlugin</adm:value>
      </adm:defined>
    </adm:default-behavior>
  </adm:property-override>
  <adm:property-override name="plugin-type" advanced="true">
    <adm:default-behavior>
      <adm:defined>
        <adm:value>preoperationadd</adm:value>
        <adm:value>preoperationmodify</adm:value>
        <adm:value>preoperationmodifydn</adm:value>
      </adm:defined>
    </adm:default-behavior>
  </adm:property-override>
</adm:managed-object>
