<?xml version="1.0" encoding="utf-8"?>
<!--
  ! CDDL HEADER START
  !
  ! The contents of this file are subject to the terms of the
  ! Common Development and Distribution License, Version 1.0 only
  ! (the "License").  You may not use this file except in compliance
  ! with the License.
  !
  ! You can obtain a copy of the license at
  ! trunk/opends/resource/legal-notices/OpenDS.LICENSE
  ! or https://OpenDS.dev.java.net/OpenDS.LICENSE.
  ! See the License for the specific language governing permissions
  ! and limitations under the License.
  !
  ! When distributing Covered Code, include this CDDL HEADER in each
  ! file and include the License file at
  ! trunk/opends/resource/legal-notices/OpenDS.LICENSE.  If applicable,
  ! add the following below this CDDL HEADER, with the fields enclosed
  ! by brackets "[]" replaced with your own identifying information:
  !      Portions Copyright [yyyy] [name of copyright owner]
  !
  ! CDDL HEADER END
  !
  !
  !      Copyright 2007-2008 Sun Microsystems, Inc.
  ! -->
<adm:managed-object name="ldap-attribute-description-list-plugin"
  plural-name="ldap-attribute-description-list-plugins"
  package="org.opends.server.admin.std" extends="plugin"
  xmlns:adm="http://www.opends.org/admin"
  xmlns:ldap="http://www.opends.org/admin-ldap">
  <adm:synopsis>
    The 
    <adm:user-friendly-name />
    provides the ability for clients to include an attribute list in 
    a search request that names object classes instead of (or in 
    addition to) attributes. 
  </adm:synopsis>
  <adm:description>
    For example, if a client wishes to 
    retrieve all of the attributes in the inetOrgPerson object class, 
    then that client can include "@inetOrgPerson" in the attribute 
    list rather than naming all of those attributes individually. 
    This behavior is based on the specification contained in RFC 4529.
    The implementation for the LDAP attribute description list plugin 
    is contained in the 
    org.opends.server.plugins.LDAPADListPlugin class. It must be 
    configured with the preParseSearch plugin type, but does not have 
    any other custom configuration.
  </adm:description>
  <adm:profile name="ldap">
    <ldap:object-class>
      <ldap:name>
        ds-cfg-ldap-attribute-description-list-plugin
      </ldap:name>
      <ldap:superior>ds-cfg-plugin</ldap:superior>
    </ldap:object-class>
  </adm:profile>
  <adm:property-override name="java-class" advanced="true">
    <adm:default-behavior>
      <adm:defined>
        <adm:value>
          org.opends.server.plugins.LDAPADListPlugin
        </adm:value>
      </adm:defined>
    </adm:default-behavior>
  </adm:property-override>
  <adm:property-override name="plugin-type" advanced="true">
    <adm:default-behavior>
      <adm:defined>
        <adm:value>preparsesearch</adm:value>
      </adm:defined>
    </adm:default-behavior>
  </adm:property-override>
</adm:managed-object>
