<?xml version="1.0" encoding="utf-8"?>
<!--
  ! CDDL HEADER START
  !
  ! The contents of this file are subject to the terms of the
  ! Common Development and Distribution License, Version 1.0 only
  ! (the "License").  You may not use this file except in compliance
  ! with the License.
  !
  ! You can obtain a copy of the license at
  ! trunk/opends/resource/legal-notices/OpenDS.LICENSE
  ! or https://OpenDS.dev.java.net/OpenDS.LICENSE.
  ! See the License for the specific language governing permissions
  ! and limitations under the License.
  !
  ! When distributing Covered Code, include this CDDL HEADER in each
  ! file and include the License file at
  ! trunk/opends/resource/legal-notices/OpenDS.LICENSE.  If applicable,
  ! add the following below this CDDL HEADER, with the fields enclosed
  ! by brackets "[]" replaced with your own identifying information:
  !      Portions Copyright [yyyy] [name of copyright owner]
  !
  ! CDDL HEADER END
  !
  !
  !      Copyright 2007-2008 Sun Microsystems, Inc.
  ! -->
<adm:managed-object name="ldif-connection-handler"
  plural-name="ldif-connection-handlers"
  package="org.opends.server.admin.std" extends="connection-handler"
  xmlns:adm="http://www.opends.org/admin"
  xmlns:ldap="http://www.opends.org/admin-ldap">
  <adm:synopsis>
    The
    <adm:user-friendly-name />
    is used to process changes in the server using internal
    operations, where the changes to process are read from an LDIF file.
  </adm:synopsis>
  <adm:description>
    The connection handler periodically looks for the existence of a
    new file, processes the changes contained in that file as
    internal operations, and writes the result to an output file
    with comments indicating the result of the processing. NOTE: By
    default
    <adm:user-friendly-name />
    operations are not logged because they are internal operations. If
    you want to log these operations, allow internal logging in the
    access log publisher.
  </adm:description>
  <adm:profile name="ldap">
    <ldap:object-class>
      <ldap:name>ds-cfg-ldif-connection-handler</ldap:name>
      <ldap:superior>ds-cfg-connection-handler</ldap:superior>
    </ldap:object-class>
  </adm:profile>
  <adm:property-override name="java-class" advanced="true">
    <adm:default-behavior>
      <adm:defined>
        <adm:value>
          org.opends.server.protocols.LDIFConnectionHandler
        </adm:value>
      </adm:defined>
    </adm:default-behavior>
  </adm:property-override>
  <adm:property name="ldif-directory" mandatory="true">
    <adm:synopsis>
      Specifies the path to the directory in which the LDIF files should
      be placed.
    </adm:synopsis>
    <adm:default-behavior>
      <adm:defined>
        <adm:value>config/auto-process-ldif</adm:value>
      </adm:defined>
    </adm:default-behavior>
    <adm:syntax>
      <adm:string />
    </adm:syntax>
    <adm:profile name="ldap">
      <ldap:attribute>
        <ldap:name>ds-cfg-ldif-directory</ldap:name>
      </ldap:attribute>
    </adm:profile>
  </adm:property>
  <adm:property name="poll-interval" mandatory="true">
    <adm:synopsis>
      Specifies how frequently the LDIF connection handler should check
      the LDIF directory to determine whether a new LDIF file has been
      added.
    </adm:synopsis>
    <adm:default-behavior>
      <adm:defined>
        <adm:value>5 seconds</adm:value>
      </adm:defined>
    </adm:default-behavior>
    <adm:syntax>
      <adm:duration base-unit="ms" lower-limit="1" />
    </adm:syntax>
    <adm:profile name="ldap">
      <ldap:attribute>
        <ldap:name>ds-cfg-poll-interval</ldap:name>
      </ldap:attribute>
    </adm:profile>
  </adm:property>
</adm:managed-object>
