<?xml version="1.0" encoding="UTF-8"?>
<!--
  ! CDDL HEADER START
  !
  ! The contents of this file are subject to the terms of the
  ! Common Development and Distribution License, Version 1.0 only
  ! (the "License").  You may not use this file except in compliance
  ! with the License.
  !
  ! You can obtain a copy of the license at
  ! trunk/opends/resource/legal-notices/OpenDS.LICENSE
  ! or https://OpenDS.dev.java.net/OpenDS.LICENSE.
  ! See the License for the specific language governing permissions
  ! and limitations under the License.
  !
  ! When distributing Covered Code, include this CDDL HEADER in each
  ! file and include the License file at
  ! trunk/opends/resource/legal-notices/OpenDS.LICENSE.  If applicable,
  ! add the following below this CDDL HEADER, with the fields enclosed
  ! by brackets "[]" replaced with your own identifying information:
  !      Portions Copyright [yyyy] [name of copyright owner]
  !
  ! CDDL HEADER END
  !
  !
  !      Copyright 2007-2008 Sun Microsystems, Inc.
  ! -->
<adm:managed-object name="ldif-backend" plural-name="ldif-backends"
  package="org.opends.server.admin.std" extends="backend"
  xmlns:adm="http://www.opends.org/admin"
  xmlns:ldap="http://www.opends.org/admin-ldap">
  <adm:synopsis>
    The 
    <adm:user-friendly-name />
    provides a mechanism for interacting with data
    stored in an LDIF file.
  </adm:synopsis>
  <adm:description>
    All basic LDAP operations are supported in the LDIF backend 
    although it has minimal support for custom controls.
  </adm:description>
  <adm:profile name="ldap">
    <ldap:object-class>
      <ldap:name>ds-cfg-ldif-backend</ldap:name>
      <ldap:superior>ds-cfg-backend</ldap:superior>
    </ldap:object-class>
  </adm:profile>
  <adm:property-override name="java-class" advanced="true">
    <adm:default-behavior>
      <adm:defined>
        <adm:value>org.opends.server.backends.LDIFBackend</adm:value>
      </adm:defined>
    </adm:default-behavior>
  </adm:property-override>
  <adm:property-override name="writability-mode">
    <adm:default-behavior>
      <adm:defined>
        <adm:value>enabled</adm:value>
      </adm:defined>
    </adm:default-behavior>
  </adm:property-override>
  <adm:property name="ldif-file" mandatory="true">
    <adm:synopsis>
      Specifies the path to the LDIF file containing the data for
      this backend.
    </adm:synopsis>
    <adm:requires-admin-action>
      <adm:component-restart />
    </adm:requires-admin-action>
    <adm:syntax>
      <adm:string />
    </adm:syntax>
    <adm:profile name="ldap">
      <ldap:attribute>
        <ldap:name>ds-cfg-ldif-file</ldap:name>
      </ldap:attribute>
    </adm:profile>
  </adm:property>
  <adm:property name="is-private-backend">
    <adm:synopsis>
      Indicates whether the backend should be considered a private
      backend, which indicates that it is used for storing operational
      data rather than user-defined information.
    </adm:synopsis>
    <adm:requires-admin-action>
      <adm:component-restart />
    </adm:requires-admin-action>
    <adm:default-behavior>
      <adm:defined>
        <adm:value>false</adm:value>
      </adm:defined>
    </adm:default-behavior>
    <adm:syntax>
      <adm:boolean />
    </adm:syntax>
    <adm:profile name="ldap">
      <ldap:attribute>
        <ldap:name>ds-cfg-is-private-backend</ldap:name>
      </ldap:attribute>
    </adm:profile>
  </adm:property>
</adm:managed-object>
