<?xml version="1.0" encoding="utf-8"?>
<!--
  ! CDDL HEADER START
  !
  ! The contents of this file are subject to the terms of the
  ! Common Development and Distribution License, Version 1.0 only
  ! (the "License").  You may not use this file except in compliance
  ! with the License.
  !
  ! You can obtain a copy of the license at
  ! trunk/opends/resource/legal-notices/OpenDS.LICENSE
  ! or https://OpenDS.dev.java.net/OpenDS.LICENSE.
  ! See the License for the specific language governing permissions
  ! and limitations under the License.
  !
  ! When distributing Covered Code, include this CDDL HEADER in each
  ! file and include the License file at
  ! trunk/opends/resource/legal-notices/OpenDS.LICENSE.  If applicable,
  ! add the following below this CDDL HEADER, with the fields enclosed
  ! by brackets "[]" replaced with your own identifying information:
  !      Portions Copyright [yyyy] [name of copyright owner]
  !
  ! CDDL HEADER END
  !
  !
  !      Copyright 2007-2009 Sun Microsystems, Inc.
  ! -->
<adm:managed-object name="network-group-plugin"
  plural-name="network-group-plugins" package="org.opends.server.admin.std"
  extends="plugin" xmlns:adm="http://www.opends.org/admin"
  xmlns:ldap="http://www.opends.org/admin-ldap"
  hidden="true">

  <adm:synopsis>
    The
    <adm:user-friendly-name />
    allows to group connections into different network groups and 
    enforce specific resource limit policies for each network group.
  </adm:synopsis>

  <adm:description>
    The 
    <adm:user-friendly-name />
    creates network groups based on client connection criteria. Each network
    group defines resource limit policies applied to all its connections.
  </adm:description>

  <adm:profile name="ldap">
    <ldap:object-class>
      <ldap:name>ds-cfg-network-group-plugin</ldap:name>
      <ldap:superior>ds-cfg-plugin</ldap:superior>
    </ldap:object-class>
  </adm:profile>

  <adm:property-override name="java-class" advanced="true">
    <adm:default-behavior>
      <adm:defined>
        <adm:value>
          org.opends.server.core.networkgroups.NetworkGroupPlugin
        </adm:value>
      </adm:defined>
    </adm:default-behavior>
  </adm:property-override>

  <adm:property-override name="plugin-type" advanced="true">
    <adm:default-behavior>
      <adm:defined>
        <adm:value>postconnect</adm:value>
        <adm:value>preparseadd</adm:value>
        <adm:value>preparsebind</adm:value>
        <adm:value>preparsecompare</adm:value>
        <adm:value>preparsedelete</adm:value>
        <adm:value>preparseextended</adm:value>
        <adm:value>preparsemodify</adm:value>
        <adm:value>preparsemodifydn</adm:value>
        <adm:value>preparsesearch</adm:value>
        <adm:value>preparseunbind</adm:value>
        <adm:value>postresponsebind</adm:value>
        <adm:value>postresponseextended</adm:value>
      </adm:defined>
    </adm:default-behavior>
  </adm:property-override>

</adm:managed-object>
