<?xml version="1.0" encoding="UTF-8"?>
<!--
  ! CDDL HEADER START
  !
  ! The contents of this file are subject to the terms of the
  ! Common Development and Distribution License, Version 1.0 only
  ! (the "License").  You may not use this file except in compliance
  ! with the License.
  !
  ! You can obtain a copy of the license at
  ! trunk/opends/resource/legal-notices/OpenDS.LICENSE
  ! or https://OpenDS.dev.java.net/OpenDS.LICENSE.
  ! See the License for the specific language governing permissions
  ! and limitations under the License.
  !
  ! When distributing Covered Code, include this CDDL HEADER in each
  ! file and include the License file at
  ! trunk/opends/resource/legal-notices/OpenDS.LICENSE.  If applicable,
  ! add the following below this CDDL HEADER, with the fields enclosed
  ! by brackets "[]" replaced with your own identifying information:
  !      Portions Copyright [yyyy] [name of copyright owner]
  !
  ! CDDL HEADER END
  !
  !
  !      Copyright 2007-2008 Sun Microsystems, Inc.
  ! -->
<adm:managed-object name="repeated-characters-password-validator"
  plural-name="repeated-characters-password-validators"
  package="org.opends.server.admin.std" extends="password-validator"
  xmlns:adm="http://www.opends.org/admin"
  xmlns:ldap="http://www.opends.org/admin-ldap">
  <adm:synopsis>
    The
    <adm:user-friendly-name />
    is used to determine whether a proposed password is acceptable based
    on the number of times any character appears consecutively in a
    password value.
  </adm:synopsis>
  <adm:description>
    It ensures that user passwords do not contain strings
    of the same character repeated several times, like "aaaaaa" or
    "aaabbb".
  </adm:description>
  <adm:profile name="ldap">
    <ldap:object-class>
      <ldap:name>
        ds-cfg-repeated-characters-password-validator
      </ldap:name>
      <ldap:superior>ds-cfg-password-validator</ldap:superior>
    </ldap:object-class>
  </adm:profile>
  <adm:property-override name="java-class" advanced="true">
    <adm:default-behavior>
      <adm:defined>
        <adm:value>
          org.opends.server.extensions.RepeatedCharactersPasswordValidator
        </adm:value>
      </adm:defined>
    </adm:default-behavior>
  </adm:property-override>
  <adm:property name="max-consecutive-length" mandatory="true">
    <adm:synopsis>
      Specifies the maximum number of times that any character can
      appear consecutively in a password value.
    </adm:synopsis>
    <adm:description>
      A value of zero indicates that no maximum limit is enforced.
    </adm:description>
    <adm:syntax>
      <adm:integer lower-limit="0" />
    </adm:syntax>
    <adm:profile name="ldap">
      <ldap:attribute>
        <ldap:name>ds-cfg-max-consecutive-length</ldap:name>
      </ldap:attribute>
    </adm:profile>
  </adm:property>
  <adm:property name="case-sensitive-validation" mandatory="true">
    <adm:synopsis>
      Indicates whether this password validator should treat password
      characters in a case-sensitive manner.
    </adm:synopsis>
    <adm:description>
      If the value of this property is false, the validator ignores
      any differences in capitalization
      when looking for consecutive characters in the
      password. If the value is true, the validator considers a
      character to be repeating only if all consecutive occurrences
      use the same capitalization.
    </adm:description>
    <adm:syntax>
      <adm:boolean />
    </adm:syntax>
    <adm:profile name="ldap">
      <ldap:attribute>
        <ldap:name>ds-cfg-case-sensitive-validation</ldap:name>
      </ldap:attribute>
    </adm:profile>
  </adm:property>
</adm:managed-object>
