<?xml version="1.0" encoding="utf-8"?>
<!--
  ! CDDL HEADER START
  !
  ! The contents of this file are subject to the terms of the
  ! Common Development and Distribution License, Version 1.0 only
  ! (the "License").  You may not use this file except in compliance
  ! with the License.
  !
  ! You can obtain a copy of the license at
  ! trunk/opends/resource/legal-notices/OpenDS.LICENSE
  ! or https://OpenDS.dev.java.net/OpenDS.LICENSE.
  ! See the License for the specific language governing permissions
  ! and limitations under the License.
  !
  ! When distributing Covered Code, include this CDDL HEADER in each
  ! file and include the License file at
  ! trunk/opends/resource/legal-notices/OpenDS.LICENSE.  If applicable,
  ! add the following below this CDDL HEADER, with the fields enclosed
  ! by brackets "[]" replaced with your own identifying information:
  !      Portions Copyright [yyyy] [name of copyright owner]
  !
  ! CDDL HEADER END
  !
  !
  !      Copyright 2007-2009 Sun Microsystems, Inc.
  ! -->
<adm:managed-object name="replication-server"
  plural-name="replication-servers"
  package="org.opends.server.admin.std"
  xmlns:adm="http://www.opends.org/admin"
  xmlns:ldap="http://www.opends.org/admin-ldap">
  <adm:synopsis>
    <adm:user-friendly-plural-name />
    publish updates to Directory Servers within a
    Replication Domain.
  </adm:synopsis>
  <adm:tag name="replication" />
  <adm:profile name="ldap">
    <ldap:object-class>
      <ldap:name>ds-cfg-replication-server</ldap:name>
      <ldap:superior>top</ldap:superior>
    </ldap:object-class>
  </adm:profile>
  <adm:property name="replication-server" multi-valued="true">
    <adm:synopsis>
      Specifies the addresses of other
      <adm:user-friendly-plural-name />
      to which this
      <adm:user-friendly-name />
      tries to connect at startup time.
    </adm:synopsis>
    <adm:description>
      Addresses must be specified using the syntax: hostname:port
    </adm:description>
    <adm:default-behavior>
      <adm:undefined />
    </adm:default-behavior>
    <adm:syntax>
      <adm:string>
        <adm:pattern>
          <adm:regex>^.+:[0-9]+$</adm:regex>
          <adm:usage>HOST:PORT</adm:usage>
          <adm:synopsis>
            A host name followed by a ":" and a port number.
          </adm:synopsis>
        </adm:pattern>
      </adm:string>
    </adm:syntax>
    <adm:profile name="ldap">
      <ldap:attribute>
        <ldap:name>ds-cfg-replication-server</ldap:name>
      </ldap:attribute>
    </adm:profile>
  </adm:property>
  <adm:property name="replication-server-id" mandatory="true"
    read-only="true">
    <adm:synopsis>
      Specifies a unique identifier for the
      <adm:user-friendly-name />.
    </adm:synopsis>
    <adm:description>
      Each
      <adm:user-friendly-name />
      must have a different server ID.
    </adm:description>
    <adm:syntax>
      <adm:integer lower-limit="1" upper-limit="65535"></adm:integer>
    </adm:syntax>
    <adm:profile name="ldap">
      <ldap:attribute>
        <ldap:name>ds-cfg-replication-server-id</ldap:name>
      </ldap:attribute>
    </adm:profile>
  </adm:property>
  <adm:property name="window-size">
    <adm:synopsis>
      Specifies the window size that the
      <adm:user-friendly-name />
      uses when communicating with other
      <adm:user-friendly-plural-name />.
    </adm:synopsis>
    <adm:default-behavior>
      <adm:defined>
        <adm:value>100</adm:value>
      </adm:defined>
    </adm:default-behavior>
    <adm:syntax>
      <adm:integer></adm:integer>
    </adm:syntax>
    <adm:profile name="ldap">
      <ldap:attribute>
        <ldap:name>ds-cfg-window-size</ldap:name>
      </ldap:attribute>
    </adm:profile>
  </adm:property>
  <adm:property name="queue-size" advanced="true">
    <adm:synopsis>
      Specifies the number of changes that are kept in memory for
      each Directory Server in the Replication Domain.
    </adm:synopsis>
    <adm:default-behavior>
      <adm:defined>
        <adm:value>10000</adm:value>
      </adm:defined>
    </adm:default-behavior>
    <adm:syntax>
      <adm:integer />
    </adm:syntax>
    <adm:profile name="ldap">
      <ldap:attribute>
        <ldap:name>ds-cfg-queue-size</ldap:name>
      </ldap:attribute>
    </adm:profile>
  </adm:property>
  <adm:property name="replication-db-directory" mandatory="true"
    read-only="true">
    <adm:synopsis>
      The path where the
      <adm:user-friendly-name />
      stores all persistent information.
    </adm:synopsis>
    <adm:default-behavior>
      <adm:defined>
        <adm:value>changelogDb</adm:value>
      </adm:defined>
    </adm:default-behavior>
    <adm:syntax>
      <adm:string></adm:string>
    </adm:syntax>
    <adm:profile name="ldap">
      <ldap:attribute>
        <ldap:name>ds-cfg-replication-db-directory</ldap:name>
      </ldap:attribute>
    </adm:profile>
  </adm:property>
  <adm:property name="replication-purge-delay">
    <adm:synopsis>
      The time (in seconds) after which the
      <adm:user-friendly-name />
      erases all persistent information.
    </adm:synopsis>
    <adm:default-behavior>
      <adm:defined>
        <adm:value>86400s</adm:value>
      </adm:defined>
    </adm:default-behavior>
    <adm:syntax>
      <adm:duration base-unit="s" allow-unlimited="false" />
    </adm:syntax>
    <adm:profile name="ldap">
      <ldap:attribute>
        <ldap:name>ds-cfg-replication-purge-delay</ldap:name>
      </ldap:attribute>
    </adm:profile>
  </adm:property>
  <adm:property name="replication-port" mandatory="true">
    <adm:synopsis>
      The port on which this
      <adm:user-friendly-name />
      waits for connections from other
      <adm:user-friendly-plural-name />
      or Directory Servers.
    </adm:synopsis>
    <adm:syntax>
      <adm:integer lower-limit="1" upper-limit="65535" />
    </adm:syntax>
    <adm:profile name="ldap">
      <ldap:attribute>
        <ldap:name>ds-cfg-replication-port</ldap:name>
      </ldap:attribute>
    </adm:profile>
  </adm:property>
  <adm:property name="group-id" mandatory="false">
    <adm:synopsis>
      The group id for the replication server.
    </adm:synopsis>
    <adm:description>
      This value defines the group id of the replication server. The replication
      system of a LDAP server uses the group id of the replicated domain and
      tries to connect, if possible, to a replication with the same group id.
    </adm:description>
    <adm:default-behavior>
      <adm:defined>
        <adm:value>1</adm:value>
      </adm:defined>
    </adm:default-behavior>
    <adm:syntax>
      <adm:integer lower-limit="1" upper-limit="127"></adm:integer>
    </adm:syntax>
    <adm:profile name="ldap">
      <ldap:attribute>
        <ldap:name>ds-cfg-group-id</ldap:name>
      </ldap:attribute>
    </adm:profile>
  </adm:property>
  <adm:property name="assured-timeout" mandatory="false">
    <adm:synopsis>
      The timeout value when waiting for assured mode acknowledgements.
    </adm:synopsis>
    <adm:description>
      Defines the amount of milliseconds the replication server will wait for
      assured acknowledgements (in either Safe Data or Safe Read assured sub
      modes) before forgetting them and answer to the entity that sent an update
      and is waiting for acknowledgment.
    </adm:description>
    <adm:default-behavior>
      <adm:defined>
        <adm:value>1000ms</adm:value>
      </adm:defined>
    </adm:default-behavior>
    <adm:syntax>
      <adm:duration base-unit="ms" lower-limit="1" />
    </adm:syntax>
    <adm:profile name="ldap">
      <ldap:attribute>
        <ldap:name>ds-cfg-assured-timeout</ldap:name>
      </ldap:attribute>
    </adm:profile>
  </adm:property>
  <adm:property name="degraded-status-threshold" mandatory="false">
    <adm:synopsis>
      The number of pending changes as threshold value for putting a directory
      server in degraded status.
    </adm:synopsis>
    <adm:description>
      This value represents a number of pending changes a replication server has
      in queue for sending to a directory server. Once this value is crossed,
      the matching directory server goes in degraded status. When number of
      pending changes goes back under this value, the directory server is put
      back in normal status. 0 means status analyzer is disabled and directory
      servers are never put in degraded status.
    </adm:description>
    <adm:default-behavior>
      <adm:defined>
        <adm:value>5000</adm:value>
      </adm:defined>
    </adm:default-behavior>
    <adm:syntax>
      <adm:integer lower-limit="0"></adm:integer>
    </adm:syntax>
    <adm:profile name="ldap">
      <ldap:attribute>
        <ldap:name>ds-cfg-degraded-status-threshold</ldap:name>
      </ldap:attribute>
    </adm:profile>
  </adm:property>
</adm:managed-object>
