<?xml version="1.0" encoding="utf-8"?>
<!--
  ! CDDL HEADER START
  !
  ! The contents of this file are subject to the terms of the
  ! Common Development and Distribution License, Version 1.0 only
  ! (the "License").  You may not use this file except in compliance
  ! with the License.
  !
  ! You can obtain a copy of the license at
  ! trunk/opends/resource/legal-notices/OpenDS.LICENSE
  ! or https://OpenDS.dev.java.net/OpenDS.LICENSE.
  ! See the License for the specific language governing permissions
  ! and limitations under the License.
  !
  ! When distributing Covered Code, include this CDDL HEADER in each
  ! file and include the License file at
  ! trunk/opends/resource/legal-notices/OpenDS.LICENSE.  If applicable,
  ! add the following below this CDDL HEADER, with the fields enclosed
  ! by brackets "[]" replaced with your own identifying information:
  !      Portions Copyright [yyyy] [name of copyright owner]
  !
  ! CDDL HEADER END
  !
  !
  !      Copyright 2009 Sun Microsystems, Inc.
  ! -->
<adm:managed-object name="request-filtering-qos-policy"
  plural-name="request-filtering-qos-policies"
  extends="qos-policy"
  package="org.opends.server.admin.std"
  xmlns:adm="http://www.opends.org/admin"
  xmlns:ldap="http://www.opends.org/admin-ldap">
  <adm:synopsis>
    The
    <adm:user-friendly-name/>
    is used to define the type of requests allowed by the server.
  </adm:synopsis>
  <adm:profile name="ldap">
    <ldap:object-class>
      <ldap:name>ds-cfg-request-filtering-qos-policy</ldap:name>
      <ldap:superior>ds-cfg-qos-policy</ldap:superior>
    </ldap:object-class>
  </adm:profile>
  <adm:property-override name="java-class" advanced="true">
    <adm:default-behavior>
      <adm:defined>
        <adm:value>
          org.opends.server.core.networkgroups.RequestFilteringPolicyFactory
        </adm:value>
      </adm:defined>
    </adm:default-behavior>
  </adm:property-override>
  <adm:property name="allowed-operations" multi-valued="true">
    <adm:synopsis>
      Specifies which operations are allowed by the server.
    </adm:synopsis>
    <adm:default-behavior>
      <adm:alias>
        <adm:synopsis>All operations are allowed.</adm:synopsis>
      </adm:alias>
    </adm:default-behavior>
    <adm:syntax>
      <adm:enumeration>
        <adm:value name="add">
          <adm:synopsis>Add operations.</adm:synopsis>
        </adm:value>
        <adm:value name="bind">
          <adm:synopsis>Bind operations.</adm:synopsis>
        </adm:value>
        <adm:value name="compare">
          <adm:synopsis>Compare operations</adm:synopsis>
        </adm:value>
        <adm:value name="delete">
          <adm:synopsis>Delete operations</adm:synopsis>
        </adm:value>
        <adm:value name="extended">
          <adm:synopsis>Extended operations</adm:synopsis>
        </adm:value>
        <adm:value name="inequality-search">
          <adm:synopsis>Inequality Search operations
          </adm:synopsis>
        </adm:value>
        <adm:value name="modify">
          <adm:synopsis>Modify operations</adm:synopsis>
        </adm:value>
        <adm:value name="rename">
          <adm:synopsis>Rename operations</adm:synopsis>
        </adm:value>
        <adm:value name="search">
          <adm:synopsis>Search operations</adm:synopsis>
        </adm:value>
      </adm:enumeration>
    </adm:syntax>
    <adm:profile name="ldap">
      <ldap:attribute>
        <ldap:name>ds-cfg-allowed-operations</ldap:name>
      </ldap:attribute>
    </adm:profile>
  </adm:property>
  <adm:property name="allowed-attributes" multi-valued="true">
    <adm:synopsis>
      Specifies which attributes are allowed in search and
      compare operations.
    </adm:synopsis>
    <adm:default-behavior>
      <adm:alias>
        <adm:synopsis>All non-prohibited attributes.</adm:synopsis>
      </adm:alias>
    </adm:default-behavior>
    <adm:syntax>
      <adm:string/>
    </adm:syntax>
    <adm:profile name="ldap">
      <ldap:attribute>
        <ldap:name>ds-cfg-allowed-attributes</ldap:name>
      </ldap:attribute>
    </adm:profile>
  </adm:property>
  <adm:property name="prohibited-attributes" mandatory="false"
    multi-valued="true">
    <adm:synopsis>
      Specifies which attributes are not allowed in search
      and compare operations.
    </adm:synopsis> 
    <adm:default-behavior>
      <adm:alias>
        <adm:synopsis>All allowed attributes.</adm:synopsis>
      </adm:alias>
    </adm:default-behavior>
    <adm:syntax>
      <adm:string/>
    </adm:syntax>
    <adm:profile name="ldap">
      <ldap:attribute>
        <ldap:name>ds-cfg-prohibited-attributes</ldap:name>
      </ldap:attribute>
    </adm:profile>
  </adm:property>
  <adm:property name="allowed-search-scopes" multi-valued="true">
    <adm:synopsis>
      Specifies which search scopes are allowed by the server.
    </adm:synopsis>
    <adm:default-behavior>
      <adm:alias>
        <adm:synopsis>All search scopes are allowed.</adm:synopsis>
      </adm:alias>
    </adm:default-behavior>
    <adm:syntax>
      <adm:enumeration>
        <adm:value name="base">
          <adm:synopsis>Base-object search.</adm:synopsis>
        </adm:value>
        <adm:value name="one">
          <adm:synopsis>One-level search.</adm:synopsis>
        </adm:value>
        <adm:value name="sub">
          <adm:synopsis>Whole subtree search</adm:synopsis>
        </adm:value>
        <adm:value name="children">
          <adm:synopsis>Subordinate subtree search</adm:synopsis>
        </adm:value>
      </adm:enumeration>
    </adm:syntax>
    <adm:profile name="ldap">
      <ldap:attribute>
        <ldap:name>ds-cfg-allowed-search-scopes</ldap:name>
      </ldap:attribute>
    </adm:profile>
  </adm:property>
  <adm:property name="allowed-subtrees" multi-valued="true">
    <adm:synopsis>
      Specifies which subtrees are accessible to clients.
    </adm:synopsis>
    <adm:default-behavior>
      <adm:alias>
        <adm:synopsis>All non-prohibited subtrees.</adm:synopsis>
      </adm:alias>
    </adm:default-behavior>
    <adm:syntax>
      <adm:dn/>
    </adm:syntax>
    <adm:profile name="ldap">
      <ldap:attribute>
        <ldap:name>ds-cfg-allowed-subtrees</ldap:name>
      </ldap:attribute>
    </adm:profile>
  </adm:property>
  <adm:property name="prohibited-subtrees" multi-valued="true">
    <adm:synopsis>
      Specifies which subtrees must be hidden from clients. Each
      prohibited subtree must be subordinate to an allowed subtree.
    </adm:synopsis>
    <adm:default-behavior>
      <adm:alias>
        <adm:synopsis>All allowed subtrees.</adm:synopsis>
      </adm:alias>
    </adm:default-behavior>
    <adm:syntax>
      <adm:dn/>
    </adm:syntax>
    <adm:profile name="ldap">
      <ldap:attribute>
        <ldap:name>ds-cfg-prohibited-subtrees</ldap:name>
      </ldap:attribute>
    </adm:profile>
  </adm:property>
</adm:managed-object>
