<?xml version="1.0" encoding="utf-8"?>
<!--
  ! CDDL HEADER START
  !
  ! The contents of this file are subject to the terms of the
  ! Common Development and Distribution License, Version 1.0 only
  ! (the "License").  You may not use this file except in compliance
  ! with the License.
  !
  ! You can obtain a copy of the license at
  ! trunk/opends/resource/legal-notices/OpenDS.LICENSE
  ! or https://OpenDS.dev.java.net/OpenDS.LICENSE.
  ! See the License for the specific language governing permissions
  ! and limitations under the License.
  !
  ! When distributing Covered Code, include this CDDL HEADER in each
  ! file and include the License file at
  ! trunk/opends/resource/legal-notices/OpenDS.LICENSE.  If applicable,
  ! add the following below this CDDL HEADER, with the fields enclosed
  ! by brackets "[]" replaced with your own identifying information:
  !      Portions Copyright [yyyy] [name of copyright owner]
  !
  ! CDDL HEADER END
  !
  !
  !      Copyright 2007-2008 Sun Microsystems, Inc.
  ! -->
<adm:managed-object name="soft-reference-entry-cache"
  plural-name="soft-reference-entry-caches"
  package="org.opends.server.admin.std" extends="entry-cache"
  xmlns:adm="http://www.opends.org/admin"
  xmlns:ldap="http://www.opends.org/admin-ldap">
  <adm:synopsis>
    The
    <adm:user-friendly-name />
    is a Directory Server entry cache implementation that uses soft
    references to manage objects to allow them to be
    freed if the JVM is running low on memory.
  </adm:synopsis>
  <adm:profile name="ldap">
    <ldap:object-class>
      <ldap:name>ds-cfg-soft-reference-entry-cache</ldap:name>
      <ldap:superior>ds-cfg-entry-cache</ldap:superior>
    </ldap:object-class>
  </adm:profile>
  <adm:property-override name="java-class" advanced="true">
    <adm:default-behavior>
      <adm:defined>
        <adm:value>
          org.opends.server.extensions.SoftReferenceEntryCache
        </adm:value>
      </adm:defined>
    </adm:default-behavior>
  </adm:property-override>
  <adm:property name="lock-timeout" advanced="true">
    <adm:synopsis>
      Specifies the length of time in milliseconds to wait while attempting to
      acquire a read or write lock.
    </adm:synopsis>
    <adm:default-behavior>
      <adm:defined>
        <adm:value>3000ms</adm:value>
      </adm:defined>
    </adm:default-behavior>
    <adm:syntax>
      <adm:duration base-unit="ms" lower-limit="0"
        allow-unlimited="true" />
    </adm:syntax>
    <adm:profile name="ldap">
      <ldap:attribute>
        <ldap:name>ds-cfg-lock-timeout</ldap:name>
      </ldap:attribute>
    </adm:profile>
  </adm:property>
  <adm:property-reference name="include-filter" />
  <adm:property-reference name="exclude-filter" />
</adm:managed-object>
