<?xml version="1.0" encoding="UTF-8"?>
<!--
  ! CDDL HEADER START
  !
  ! The contents of this file are subject to the terms of the
  ! Common Development and Distribution License, Version 1.0 only
  ! (the "License").  You may not use this file except in compliance
  ! with the License.
  !
  ! You can obtain a copy of the license at
  ! trunk/opends/resource/legal-notices/OpenDS.LICENSE
  ! or https://OpenDS.dev.java.net/OpenDS.LICENSE.
  ! See the License for the specific language governing permissions
  ! and limitations under the License.
  !
  ! When distributing Covered Code, include this CDDL HEADER in each
  ! file and include the License file at
  ! trunk/opends/resource/legal-notices/OpenDS.LICENSE.  If applicable,
  ! add the following below this CDDL HEADER, with the fields enclosed
  ! by brackets "[]" replaced with your own identifying information:
  !      Portions Copyright [yyyy] [name of copyright owner]
  !
  ! CDDL HEADER END
  !
  !
  !      Copyright 2009 Sun Microsystems, Inc.
  ! -->
<adm:managed-object name="structural-object-class-virtual-attribute"
  plural-name="structural-object-class-virtual-attributes"
  package="org.opends.server.admin.std" extends="virtual-attribute"
  xmlns:adm="http://www.opends.org/admin"
  xmlns:ldap="http://www.opends.org/admin-ldap">
  <adm:synopsis>
    The
    <adm:user-friendly-name />
      generates a virtual attribute that specifies the structural object class
      with the schema definitions in effect for the
      entry. This attribute is defined in RFC 4512.
  </adm:synopsis>
  <adm:profile name="ldap">
    <ldap:object-class>
      <ldap:name>ds-cfg-structural-object-class-virtual-attribute</ldap:name>
      <ldap:superior>ds-cfg-virtual-attribute</ldap:superior>
    </ldap:object-class>
  </adm:profile>
  <adm:property-override name="java-class" advanced="true">
    <adm:default-behavior>
      <adm:defined>
        <adm:value>
          org.opends.server.extensions.StructuralObjectClassVirtualAttributeProvider
        </adm:value>
      </adm:defined>
    </adm:default-behavior>
  </adm:property-override>
  <adm:property-override name="conflict-behavior" advanced="true">
    <adm:default-behavior>
      <adm:defined>
        <adm:value>virtual-overrides-real</adm:value>
      </adm:defined>
    </adm:default-behavior>
  </adm:property-override>
  <adm:property-override name="attribute-type">
    <adm:default-behavior>
      <adm:defined>
        <adm:value>structuralObjectClass</adm:value>
      </adm:defined>
    </adm:default-behavior>
  </adm:property-override>
</adm:managed-object>
