<?xml version="1.0" encoding="UTF-8"?>
<!--
  ! CDDL HEADER START
  !
  ! The contents of this file are subject to the terms of the
  ! Common Development and Distribution License, Version 1.0 only
  ! (the "License").  You may not use this file except in compliance
  ! with the License.
  !
  ! You can obtain a copy of the license at
  ! trunk/opends/resource/legal-notices/OpenDS.LICENSE
  ! or https://OpenDS.dev.java.net/OpenDS.LICENSE.
  ! See the License for the specific language governing permissions
  ! and limitations under the License.
  !
  ! When distributing Covered Code, include this CDDL HEADER in each
  ! file and include the License file at
  ! trunk/opends/resource/legal-notices/OpenDS.LICENSE.  If applicable,
  ! add the following below this CDDL HEADER, with the fields enclosed
  ! by brackets "[]" replaced with your own identifying information:
  !      Portions Copyright [yyyy] [name of copyright owner]
  !
  ! CDDL HEADER END
  !
  !
  !      Copyright 2007-2008 Sun Microsystems, Inc.
  ! -->
<adm:managed-object name="unique-characters-password-validator"
  plural-name="unique-characters-password-validators"
  package="org.opends.server.admin.std" extends="password-validator"
  xmlns:adm="http://www.opends.org/admin"
  xmlns:ldap="http://www.opends.org/admin-ldap">
  <adm:synopsis>
    The
    <adm:user-friendly-name />
    is used to determine whether a proposed password is acceptable based
    on the number of unique characters that it contains.
  </adm:synopsis>
  <adm:description>
    This validator can be used to prevent simple passwords that contain only
    a few characters like "aabbcc" or "abcabc".
  </adm:description>
  <adm:profile name="ldap">
    <ldap:object-class>
      <ldap:name>ds-cfg-unique-characters-password-validator</ldap:name>
      <ldap:superior>ds-cfg-password-validator</ldap:superior>
    </ldap:object-class>
  </adm:profile>
  <adm:property-override name="java-class" advanced="true">
    <adm:default-behavior>
      <adm:defined>
        <adm:value>
          org.opends.server.extensions.UniqueCharactersPasswordValidator
        </adm:value>
      </adm:defined>
    </adm:default-behavior>
  </adm:property-override>
  <adm:property name="min-unique-characters" mandatory="true">
    <adm:synopsis>
      Specifies the minimum number of unique characters that a password
      will be allowed to contain.
    </adm:synopsis>
    <adm:description>
      A value of zero indicates that no minimum value is
      enforced.
    </adm:description>
    <adm:syntax>
      <adm:integer lower-limit="0" />
    </adm:syntax>
    <adm:profile name="ldap">
      <ldap:attribute>
        <ldap:name>ds-cfg-min-unique-characters</ldap:name>
      </ldap:attribute>
    </adm:profile>
  </adm:property>
  <adm:property name="case-sensitive-validation" mandatory="true">
    <adm:synopsis>
      Indicates whether this password validator should treat password
      characters in a case-sensitive manner.
    </adm:synopsis>
    <adm:description>
      A value of true indicates that the validator does not consider
      a capital letter to be the same as its lower-case counterpart.
      A value of false indicates that the validator ignores
      differences in capitalization when looking at the number of
      unique characters in the password.
    </adm:description>
    <adm:syntax>
      <adm:boolean />
    </adm:syntax>
    <adm:profile name="ldap">
      <ldap:attribute>
        <ldap:name>ds-cfg-case-sensitive-validation</ldap:name>
      </ldap:attribute>
    </adm:profile>
  </adm:property>
</adm:managed-object>
