<?xml version="1.0" encoding="UTF-8"?>
<!--
  ! CDDL HEADER START
  !
  ! The contents of this file are subject to the terms of the
  ! Common Development and Distribution License, Version 1.0 only
  ! (the "License").  You may not use this file except in compliance
  ! with the License.
  !
  ! You can obtain a copy of the license at
  ! trunk/opends/resource/legal-notices/OpenDS.LICENSE
  ! or https://OpenDS.dev.java.net/OpenDS.LICENSE.
  ! See the License for the specific language governing permissions
  ! and limitations under the License.
  !
  ! When distributing Covered Code, include this CDDL HEADER in each
  ! file and include the License file at
  ! trunk/opends/resource/legal-notices/OpenDS.LICENSE.  If applicable,
  ! add the following below this CDDL HEADER, with the fields enclosed
  ! by brackets "[]" replaced with your own identifying information:
  !      Portions Copyright [yyyy] [name of copyright owner]
  !
  ! CDDL HEADER END
  !
  !
  !      Copyright 2007-2008 Sun Microsystems, Inc.
  ! -->
<adm:managed-object name="user-defined-virtual-attribute"
  plural-name="user-defined-virtual-attributes"
  package="org.opends.server.admin.std" extends="virtual-attribute"
  xmlns:adm="http://www.opends.org/admin"
  xmlns:ldap="http://www.opends.org/admin-ldap">
  <adm:synopsis>
    The
    <adm:user-friendly-name />
    creates virtual attributes with user-defined values in
    entries that match the criteria defined in the plug-in's
    configuration.
  </adm:synopsis>
  <adm:description>
    The functionality of these attributes is similar to Class 
    of Service (CoS) in the Sun Java System Directory Server.
  </adm:description>
  <adm:profile name="ldap">
    <ldap:object-class>
      <ldap:name>ds-cfg-user-defined-virtual-attribute</ldap:name>
      <ldap:superior>ds-cfg-virtual-attribute</ldap:superior>
    </ldap:object-class>
  </adm:profile>
  <adm:property-override name="java-class" advanced="true">
    <adm:default-behavior>
      <adm:defined>
        <adm:value>
          org.opends.server.extensions.UserDefinedVirtualAttributeProvider
        </adm:value>
      </adm:defined>
    </adm:default-behavior>
  </adm:property-override>
  <adm:property name="value" mandatory="true" multi-valued="true">
    <adm:synopsis>
      Specifies the values to be included in the virtual
      attribute.
    </adm:synopsis>
    <adm:syntax>
      <adm:string />
    </adm:syntax>
    <adm:profile name="ldap">
      <ldap:attribute>
        <ldap:name>ds-cfg-value</ldap:name>
      </ldap:attribute>
    </adm:profile>
  </adm:property>
</adm:managed-object>
