<?xml version="1.0" encoding="utf-8"?>
<!--
  ! CDDL HEADER START
  !
  ! The contents of this file are subject to the terms of the
  ! Common Development and Distribution License, Version 1.0 only
  ! (the "License").  You may not use this file except in compliance
  ! with the License.
  !
  ! You can obtain a copy of the license at
  ! trunk/opends/resource/legal-notices/OpenDS.LICENSE
  ! or https://OpenDS.dev.java.net/OpenDS.LICENSE.
  ! See the License for the specific language governing permissions
  ! and limitations under the License.
  !
  ! When distributing Covered Code, include this CDDL HEADER in each
  ! file and include the License file at
  ! trunk/opends/resource/legal-notices/OpenDS.LICENSE.  If applicable,
  ! add the following below this CDDL HEADER, with the fields enclosed
  ! by brackets "[]" replaced with your own identifying information:
  !      Portions Copyright [yyyy] [name of copyright owner]
  !
  ! CDDL HEADER END
  !
  !
  !      Copyright 2007-2008 Sun Microsystems, Inc.
  ! -->
<adm:managed-object name="workflow-element"
  plural-name="workflow-elements" package="org.opends.server.admin.std"
  xmlns:adm="http://www.opends.org/admin"
  xmlns:ldap="http://www.opends.org/admin-ldap"
  xmlns:cli="http://www.opends.org/admin-cli">
  <adm:synopsis>
    <adm:user-friendly-plural-name />
    implement a single processing step in a Work Flow.
  </adm:synopsis>
  <adm:description>
    A
    <adm:user-friendly-name />
    can perform a task such as mapping DNs, renaming attributes,
    filtering attributes, joining data sources, proxying, or
    load-balancing. The simplest
    <adm:user-friendly-name />
    is the Local Backend Work Flow Element, which routes data
    to a Backend.
  </adm:description>
  <adm:tag name="core-server" />
  <adm:profile name="ldap">
    <ldap:object-class>
      <ldap:name>ds-cfg-workflow-element</ldap:name>
      <ldap:superior>top</ldap:superior>
    </ldap:object-class>
  </adm:profile>
  <adm:profile name="cli">
    <cli:managed-object custom="true" />
  </adm:profile>
  <adm:property name="enabled" mandatory="true">
    <adm:synopsis>
      Indicates whether the
      <adm:user-friendly-name />
      is enabled for use in the server.
    </adm:synopsis>
    <adm:description>
      If a
      <adm:user-friendly-name />
      is not enabled, then its contents are not accessible when
      processing operations.
    </adm:description>
    <adm:syntax>
      <adm:boolean />
    </adm:syntax>
    <adm:profile name="ldap">
      <ldap:attribute>
        <ldap:name>ds-cfg-enabled</ldap:name>
      </ldap:attribute>
    </adm:profile>
  </adm:property>
  <adm:property name="workflow-element-id" mandatory="true"
    read-only="true">
    <adm:synopsis>
      Provides a name that identifies the associated
      <adm:user-friendly-name />
      .
    </adm:synopsis>
    <adm:description>
      The name must be unique among all
      <adm:user-friendly-plural-name />
      in the server.
    </adm:description>
    <adm:syntax>
      <adm:string />
    </adm:syntax>
    <adm:profile name="ldap">
      <ldap:attribute>
        <ldap:name>ds-cfg-workflow-element-id</ldap:name>
      </ldap:attribute>
    </adm:profile>
  </adm:property>
  <adm:property name="java-class" mandatory="true">
    <adm:synopsis>
      Specifies the fully-qualified name of the Java class that provides the
      <adm:user-friendly-name />
      implementation.
    </adm:synopsis>
    <adm:syntax>
      <adm:java-class>
        <adm:instance-of>
          org.opends.server.workflowelement.WorkflowElement
        </adm:instance-of>
      </adm:java-class>
    </adm:syntax>
    <adm:profile name="ldap">
      <ldap:attribute>
        <ldap:name>ds-cfg-java-class</ldap:name>
      </ldap:attribute>
    </adm:profile>
  </adm:property>
</adm:managed-object>
